tweet,label,
 #Baahubali Official merchandise by @Paintcollar. Grab here--&gt,0,
#Bahubali2  Malayalam version is the second biggest release there over 14 locations its releasing at Ireland,1,
@SalmanAabdi @taran_adarsh tubelight only for Bollywood pple will interest but Bahubali2 whole India and out of India awaiting for ths,1,
tweet,0,
"@FilmyCurry #ContestAlert #Bahubali2WithFC #FilmyCurry #Bahubali2 
     
A2) S.S. RAJAMOULI",0,
"#TamannaahBhatia #Bahubali2 inspired collection 
#Bahubali2TheConclusion 
https://t.co/VaEWX8NByK",1,
All Set for #Bahubali2 @Urvashi4KCinema  4 AM show,1,
#Bahubali2 @ssrajamouliBe united!! Don't release any south Indian movie in Karnataka. Protest will automatically stop..,0,
"This is gonna be epic ��� #Bahubali2 
https://t.co/OLmYSGTbrP",1,
"Casual leave application Sir...... ����

#Bahubali2 https://t.co/b0njfvWW9i",0,
@JioMusicHD @BuzzingTracks @Rajamouli_Fans @BaahubaliMovie @bahubali_fans @Prabhas_Fans @Darling_PFC @telugu_jokes… https://t.co/I3sRKIcxgY,0,
"#Bahubali2 craze reaches hight at #Kerala 

Never scence this much of mass for a #movie other than #malayalam actor… https://t.co/0toWejdlZV",1,
" Best SOUTH Actresses ��

#Kajal #Trisha  #Vijay61 #Vivegam #Bahubali2 #Spyder #DJ23rdJune",0,
"Prabhas's #Saaho : Teaser from April 28 along with #Bahubali2  

Trilingual - Tamil, Telugu, Hindi. https://t.co/eeM56alQ6Z",0,
 Friends will u watch #Bahubali2 in theatre,1,
" Day1 90L weekend 1.40cr week1 1.90cr closing 3cr+ Sure��
Only 
@ KKD CITY
#Bahubali2 
First week ki BB1 closing out...",0,
#Bahubali2 waiting,1,
@ssrajamouli @BaahubaliMovie why there is no 4K trailer and other attractions for #BB2 #Bahubali2 #wkkb #APRIL28 #INDIANCINEMA,0,
"Many colleagues applying this Friday. Reason for leave column says : ""To find out y the hell kattapa killed bahubali"" � #Bahubali2 #Sarcasm",1,
#Bahubali2 fever starts,1,
"My prediction on bb2 day 1 share in ap/tg
NIZAM-10
CEEDED-8
NELLORE-3
GUNTUR-7
KRISHNA-4.5
EAST-6
WEST-4.5
VIZAG-6
TOTAL-49
#Bahubali2",0,
"#Bahubali2 Worldwide PreRelease Business 520 Cr incl thr rights!

#SaahoreRajaMouli �",0,
" #Bahubali2
Day1 #kkd city above 90+ lks 
Day1 ee top10 lo untadi ��
Juz #SSR things ��",0,
 #Bahubali2 the film is not a hindi or a telugu or a tamil film it is a INDIAN film,0,
@ssrajamouli my Friday fever became monday fever to book ticket sir. Soon start selling tickets #Bahubali2,1,
" Summer is coming up with lot's of expectations. You are waiting for? 
#Thalapathy61 title 
#Vivegamteaser 
#Bahubali2…",1,
#Bahubali2 Minimum price that the film will have for the Balcony tickets is 150 to 250 rupees,0,
#Baahubali all versions have done over 55 croes at the USA box office 8.45 milliom #Bahubali2 should do much much more better,0,
Did Vaatal Nagaraj threaten google??? #Bahubali2 @ssrajamouli @thatsTamil @Sibi_Sathyaraj @dinamalarweb @vikatan… https://t.co/8RrSvHHBYz,0,
"Leave reason ��
#Bahubali2 #telugu #jaabilamma https://t.co/TkottUYOpi",1,
"Perfect  Pair for #KajalAgarwal on Big Screen [TFI] ��

#Spyder #JaiLavaKusa #Bahubali2 #RamCharan #Vijay61 #Vivegam #Kajal",0,
" Wow this is  tammy �� season:
#Bahubali2 April release
#AAAfilm part 1 from #Ramadan 
#PonOndruKanden
#sketch 
� #Milkyb…",1,
"@doct_manu Not available currently, within a day or two an offer will be there for tickets!! Waise bhi Katappa is g… https://t.co/eWCExXamxV",0,
@RanaDaggubati @ssrajamouli @ssk1122 #Bahubali2 fever starts....All the best Sir https://t.co/BDsjkprINF,1,
"@CatchNews @BaahubaliMovie @SpiceSocial1 #Bahubali2 

  A5).  Around Rs. 450 Crores",0,
" Bahubali First day Ww Gross????
#Bahubali2 #Thalapathy61 #Vivegam #Mahesh23 #KatamaRayudu",1,
#Baahubali Official merchandise by @Paintcollar. Grab here--&gt,0,0
As expected till Monday all blocked sorry it's booked #Bahubali2 https://t.co/8lZu5T6eJZ,0,
"57Crores
#T360APTGBaahubali2 
#Bahubali2 https://t.co/05Cux3nNeB",0,
@JioMusicHD @BuzzingTracks @Rajamouli_Fans @BaahubaliMovie @bahubali_fans @Prabhas_Fans @Darling_PFC @telugu_jokes… https://t.co/qVfw2JhHWt,0,
@ssrajamouli @RGVzoomin whn more sexier is frightened by D ugly thn ugly is more beautiful than #Bahubali2 than the more sexier�,0,
#Saaho get redey to get a glimpse of this film as well while watching the epic #Bahubali2  #Saaho teaser worldwide with Bahubali 2,0,
" Win 50 bahubali2 free movie tickets. Enter now at: https://t.co/CD7h2X3jhD 

#bahubali #movieticket #contest #offer #baahu…",0,
"#Bahubali2  #BahubaliTheConclusion 
AP/tg 1st day gross will be 55- 60crs�",0,
@JioMusicHD @BuzzingTracks @Rajamouli_Fans @BaahubaliMovie @bahubali_fans @Prabhas_Fans @Darling_PFC @telugu_jokes… https://t.co/Ea91ankMXE,0,
" #Bahubali2 Booking started with 8 shows for 28th

Tamil 6 S
Malayalam 2 S

Now

#RakshadhikariBaijuOppu 3 S
#Saghavu 3 S…",0,
@bookmyshow when will tickets be allotted for prebooked registrations for #Bahubali2 ??,1,
@RanaDaggubati Hey checkout my #Bahubali2 funny video. Open this tweet &amp,0,
#Bahubali2 Bangalore ticket prices are reaching Sky-high.,1,
 This is one movie I don't wanna miss. Best wishes for a spectacular opening !  @ssrajamouli @Shobu_ @karanjohar @apoorvam…,1,
#Bahubali2 countdown is equal to my finals countdown..just that one gives you excitement &amp,1,
" #Bahubali 1 (2015) Did
49Cr, Day 1
365Cr Nett India
605Cr Worldwide

What Are Predictions For #Bahubali2 ?",0,
@JioMusicHD @BuzzingTracks @Rajamouli_Fans @BaahubaliMovie @bahubali_fans @Prabhas_Fans @Darling_PFC @telugu_jokes… https://t.co/gompbkDX0F,0,
" #Ulaganayagan #KamalHaasan Tweet � #Sathyaraj !!

#baahubali2 #Bahubali2 https://t.co/NYRk5vuRKt",0,
"Royal King is back ! BaahubaliReturns in style! 

#Bahubali2 #SaahoreBaahubali  #AnushkaShetty #Prabhas… https://t.co/GueLAsbwNj",1,
@FilmyCurry A2) S.S. RAJAMOULI #ContestAlert #Bahubali2WithFC #FilmyCurry #Bahubali2,0,
"4 days to go #Bahubali2  the conclusion 
Waiting for ur Creations @ssrajamouli @RanaDaggubati @prabhas https://t.co/lpoF33HFdv",1,
"If someone see the 1st day 1st show of #Bahubali2  n if he exposes the suspension then what may happened. 
Talware… https://t.co/Ypd8oa8WgD",1,
Tune in all day through next week to win tickets to #MirchiMovieNights - #Bahubali2 https://t.co/XSi1d3bH2C,0,
Every one should have one rule. how come Bahubali2 will get permission for Benefit shows. Pagodu vs Manodu https://t.co/fqUMGjU6LA,0,
"#Bhimavaram 

Rebel Star Fans... 

#Bahubali2 Craze https://t.co/dlnokaS7Fm",0,
@Maheshaddict Ma village lo #Bahubali1 benfit show 300rs #Bahubali2 700rs,0,
 #RCB Total Score &lt,0,
"Why #Prabhas s dressing up n same style hoodie ?? Black, red, blue ... Still darling looks lovvvv #bb2Promotions #Bahubali2",0,
"Watch -- https://t.co/z0b4f8vnmA

#Mahabharata #Mohanlal #Prabhas #baahubali2 #Rajamouli #Bahubali2 #Spyder… https://t.co/A3UDTP91vD",0,
"Book your tickets for #Bahubali2 through https://t.co/A9RXZPxQcY 
Tickets are selling fast https://t.co/KxgMllS8DJ",0,
"@RanaDaggubati Rana garu, you just did opponent character in bahubali and bahubali2 congrats for forthcoming film bahubali2",0,
" Watch -- https://t.co/NbHZAz9DQT 

#duvvadajagannadham #AlluArjun #dj #ramcharan #PSPK25 #baahubali2 #Bahubali2 #JaiLavakusa…",0,
"Craze Kaa Baap #PrabhasAnnaya 
#Bahubali2 https://t.co/rR6BArL90b",0,
 Kannada activists Shivarame Gowda and others protest near KFCC against Bahubali2 Release in Marnataka #chitraloka @ssrajamo…,0,
"#Bahubali2 

4_DaysTo_Go... https://t.co/K8MMNemtFh",0,
"So, #Bahubali2 didn't satisfy RGV. https://t.co/PF6ZxDr0ip",1,
"NOT BELIEVE  #Bahubali2 GUNTUR VIJAYA DOLBY GOOD ONE NOT FILLING FAST AFTER 4HRS OF BOOKING OPEN #200RS EFFECT�
https://t.co/8YBPBgGMBe",0,
@KProductionsInd Checkout my #Bahubali2 funny video. Open this tweet &amp,0,
" Are You Ready For the #Bahubali #Contest? Only one day left, Contest Start from Tomorrow.
Stay Tuned!
#Bahubali2 #ContestAler…",1,
"#Bahubali2 Booking started with 8 shows for 28th

Tamil 6 S
Malayalam 2 S

Now

#RakshadhikariBaijuOppu 3 S… https://t.co/GHKXtlyV9k",0,
"@ssrajamouli Am not gng to watch bahubali2 n thetares..tickets cost s high,u r the one of reason encouraging to watch n piracy..hatsoff",0,
"Bookings now open for #Bahubali2:  The conclusion 
https://t.co/GnJpgY7CKz  
| We are also super excited to unveil… https://t.co/1LrViQDn40",0,
"@CatchNews @BaahubaliMovie @SpiceSocial1 Ans 3) 6,500 screens all over nation 
#Bahubali2 #superexcited",1,
#Bahubali2 Pre-booked mine 1st day 1st show .�� Bahubali 2 poised to break fastest pre-booking record.���✌✌✌ https://t.co/Be1WY4uHRm,0,
"That makes global DAY 1 for #Bahubali2 to be a minimum of 
Rs 150 crs with a potential of Rs 200 crs. Content to decide next numbers",1,
Waiting for@#Bahubali2..,1,
#Bahubali2 Craze. BO Might Beyond our Expectations https://t.co/1PCDQBevQ3,1,
@JioMusicHD @BuzzingTracks @Rajamouli_Fans @BaahubaliMovie @bahubali_fans @Prabhas_Fans @Darling_PFC @telugu_jokes… https://t.co/ckOe5eDENG,0,
"@Telugu360 @BaahubaliMovie @Shobu_ @ssrajamouli @ssk1122 #T360APTGBaahubali2
AP/TS will be around 41.5cr
#bahubali2",0,
Producers @arkamediaworks r planning a Special screening to the #TelanganaGovernment and requested for 5 shows a da… https://t.co/4JWxBYjKY4,0,
"Watch - https://t.co/RUIPXWQGJ5

#HamsaNaava #baahubali2 #Bahubali2 #Prabhas #AnushkaShetty #Rajamouli #PSPK25… https://t.co/AsVTofmCIy",0,
My latest Portrait-Caricature of the #superhero that's on everyone's mind right now - #Bahubali2 's #Prabhas ✍… https://t.co/UB8Uy2kDy3,1,
 This survey is proof dat #Bahubali2 will get earth shattering opening in Hindi territory also n day1 will be 30Cr+ https:/…,1,
#Bahubali2 shouldn't be released in Karnataka for such violent comments.Once one film is banned then all will rectify their mistake.,0,
"To know why katappa killed bahubali?
Ahmedabad people catch us in bahubali 2 movie. #bahubali2 #theconclusion… https://t.co/OPaoKr3QAE",1,
#Bahubali2 in UAE/GCC all the versions of the film hindi telugu tamil and malayalam versions will release there wit… https://t.co/XSjNq8as1A,0,
 #Bahubali2 the conclusion bike https://t.co/XSPGDl0eMm,1,
#Bahubali2 worst than #Si3 in TN,1,
@JioMusicHD @BuzzingTracks @Rajamouli_Fans @BaahubaliMovie @bahubali_fans @Prabhas_Fans @Darling_PFC @telugu_jokes… https://t.co/bKzlJBsKMz,0,
 This is the first time ever for a film there im the state superb #Bahubali2,1,
"So if you want to pre-book Bahubali 2 tickets for IMAX Noida, PVR is only asking for Rs 1,500 per ticket #robbery #Bahubali2",0,
@JioMusicHD @BuzzingTracks @BaahubaliMovie @Baahubali2017 @MeRajeevDarling @Tarek_Fatah_FC @RanaDaggubati_… https://t.co/UbQ0p2p0VA,0,
@ssk1122 Hey checkout my #Bahubali2 funny video. Open this tweet &amp,0,
I have seen Bahubali 1 on day1 but this time on day3 .. due to work. #Bahubali2,1,
 I need #Bahubali2 tickets first day in #Vijayawada any one plzzzzzzz?????,1,
"@BuzzingTracks Super Duper Excited �
#Bahubali2",1,
@PranitaRavi Hey checkout my #Bahubali2 funny video. Open this tweet &amp,0,
" Get Ready For FILMY CONTEST
Answer &amp; win movie tickets. Contest date:April 24- 27
Kindly read T&amp;C before participating
 #bahu…",0,
" Beauties of #bahubali2 ���
#AnushkaShetty #anushkashetty #sweety #Sweety #anushka #Anushka https://t.co/1NpTfODAYU",1,
@JioMusicHD @BuzzingTracks @Rajamouli_Fans @BaahubaliMovie @bahubali_fans @Prabhas_Fans @Darling_PFC @telugu_jokes… https://t.co/r9D0DwX2oB,0,
"What will be the Worldwide Collections of Bahubali 2

#Bahubali2 #Bahubali #BahubaliTheConclusion 
#Prabhas #Tamannaah #Anushka #sathyaraj",1,
"@FilmyCurry Answer2:- Director of the movie - S. S. Rajamouli
#Bahubali2WithFC #FilmyCurry #Bahubali2",0,
@anamika_pspk you know any info of #Bahubali2 premier show tickets in #Tirupati ??,1,
 #Bahubali2 fever high in #Pune and #Maharastra. @ssrajamouli #Prabhas @RanaDaggubati @arkamediaworks @somu https://t.co/YN…,1,
 @taran_adarsh No doubt #Bahubali2 is highest grosser of the Indian movie ✊✊✊,1,
" Most Bangaloreans have booked cabs for their families, for a day long trip to TN.
Cheaper than buying 1 multiplex ticket i…",1,
"#Prabhas fans happy with '#Saaho '
https://t.co/fL0EnZBuUr
#Prabhas19 #Prabhas19Title #Bahubali2 https://t.co/FC3YFm24Le",0,
@JioMusicHD @BuzzingTracks @Rajamouli_Fans @BaahubaliMovie @bahubali_fans @Prabhas_Fans @Darling_PFC @telugu_jokes… https://t.co/JqknvgVwtJ,0,
@JioMusicHD @BuzzingTracks @Rajamouli_Fans @BaahubaliMovie @bahubali_fans @Prabhas_Fans @Darling_PFC @telugu_jokes… https://t.co/DIaXZ15ROV,0,
 #Bahubali2 fever? @kamaalrkhan � #MasalaCommentary https://t.co/zFBaAFzF5F https://t.co/YZrKepRJQb,0,
@PrabhasRaju @IndiaToday #Bahubali2 @ssrajamouli Be united!! Don't release any south Indian movie in Karnataka. Pro… https://t.co/R55m9Z49KL,0,
@PrabhasManeesh Checkout my #Bahubali2 funny video. Open this tweet &amp,0,
"Are You Ready For the #Bahubali #Contest? Only one day left, Contest Start from Tomorrow.
Stay Tuned!
#Bahubali2… https://t.co/5WK4fhtTAw",0,
" Everyone know #Bahubali2 hving phenomenal hype.bt d way cine portals said booking extraordinary, more show add etc.its alrd…",1,
 Reminds you of something ? ,0,
#Bahubali2 Review 3.5/5,0,
"@CatchNews @SpiceSocial1 @BaahubaliMovie Ans.4) 4 years
#Bahubali2 #superexcited",1,
Global Box office Predicts never seen Tsunami #Bahubali2 @ssrajamouli  landfall on 28 covering San Francisco to Syd… https://t.co/juTX0OiaO5,1,
"Everyone know #Bahubali2 hving phenomenal hype.bt d way cine portals said booking extraordinary, more show add etc.its alrdy expected what �",1,
@AMCTheatres @greatindiafilms what are the showings for #Bahubali2 imax hindi in Metro Detroit?,1,
"looting in bangalore,still booked ticket for Urvashi 4AM ��� #Bahubali2",1,
"Watch -- https://t.co/6mTIoyWa1b

#baahubali2 #SaahoreBaahubali #Bahubali2 #BahubaliTheConclusion #Prabhas… https://t.co/FId0oQPkOf",0,
"Anushka's First love Fixed 
#Bahubali2 https://t.co/oLSTxiFGEI",0,
@DharmaMovies Hey checkout my #Bahubali2 funny video. Open this tweet &amp,0,
"1.5k+votes already 
Vote #2point0 #Thalapathy61 #Vivegam #Bahubali2 spread max to win
#Vijay61 #thala #Ajith #vijay… https://t.co/yuG6ntvmui",0,
"#4DaysToBaahubali2 trending  start wohooo......�������
#Bahubali2 
#Prabhas19Title 
#Sahoo
#BahubaliTheConclusion https://t.co/uBfFc8E3nJ",1,
The #WorldOfBaahubali Event pics --&gt,1,
"Indian epic #Bahubali2 confirmed to open in #IMAX next wknd in India, Middle East + about 40 North American scrns. #Baahubali #wkkb",1,
"Baahubali Returns now � Worldwide release on April 28!

#Bahubali2 #Prabhas @RanaDaggubati #AnushkaShetty https://t.co/TPJ1MuU7C0",1,
"Cut Out Kaa Baap... 

#Bahubali2 https://t.co/hyhbeVMyLw",0,
PVR asking 700₹ for 1 ticket in blore fr Bahubali2..!! Any specific reason fr specific movie?? @_PVRCinemas… https://t.co/roHUC5czDK,0,
waiting for #Bahubali2,1,
"I m really close to solve biggest murder mystery  of India. .... #Bahubali2  

Conclusion :",1,
"Kids are Excited for Bahubali2
Real Men are waiting For Prabhas 19
#Saaho",0,
@ssrajamouli waiting for the first indian movie to cross 1000 crores it's abviously bahubali 2@RGVzoomin #Bahubali2 #prabhas #AnushkaShetty,0,
#baahubali2 Movie Climax Run Time | #Bahubali2 | #Prabhas | #Rajamouli  https://t.co/GvgV8r4Qnu,0,
"Double Dhamaka for #Prabhas fans �� #Sahoo #Bahubali2 ��
All the best darling � love you � https://t.co/Iz2Szr2sFP",1,
"#BahubaliTheConclusion (Tamil) BOOKINGS OPEN. Book your tickets at @justickets 

#Bahubali2 from APRIL 28 https://t.co/sMVBADjoiC",0,
"Bahubali2 special screen shows for 10days,https://t.co/hRFvIafZrz",0,
.@bookmyshow Sold OUT #Bahubali2,1,
"https://t.co/5zRebHlAMn
Now this is giving glimpse of #Rajamouli imagination of #Bahubali2",1,
 History in the making. Then entire South Indian theaters are sold out for entire weekend. #Bahubali2 @PrabhasRaju @Ran…,1,
#Bahubali2 having hopes that the film will create a history in the collections and the first day itself the gross will surpass 5 croes,1,
very excited @ssrajamouli  #Bahubali2 �❤️ #prabhas,1,
Even at the worst of the worst #Bahubali2 can gross up to 3 croes at cochin multiplexs,1,
"#Kavali town #Bahubali2 4 theaters Benefit shows planning for 7.5L hire
����",0,
"Heroine Anushka Shetty Latest Gallery
 Click Here : https://t.co/vcvnOn5kCe

 #AnushkaShetty #Bahubali #Bahubali2… https://t.co/q1bCFHkU8v",0,
Our Constitution itself is copied from different countries but our people are pointing #Bahubali2. Speechless https://t.co/3dPlJKqOg7,1,
"#AndhraPradesh &amp; #Telangana Govt Give Permission To #Bahubali2 For Daily 6 Shows !

@diamondbabu4 #Baahubali… https://t.co/HdGnXPwosZ",0,
@JioMusicHD @BuzzingTracks @Rajamouli_Fans @BaahubaliMovie @bahubali_fans @Prabhas_Fans @Darling_PFC @telugu_jokes… https://t.co/783IEDP4D8,0,
S  I ll watch Bahubali2 to encourage a 250 crore movie but Iil close my Eyes when ever I c  the Hindu traitor satya kattappa Raj senaspokman,0,
Mass booking for #Bahubali2 @ Kerala... Expecting record breaking opening from Kerala.. 15 crore advance from Keral… https://t.co/XZpkW6odho,1,
" Perfect  Pair for #KajalAgarwal on Big Screen [TFI] ��

#Spyder #JaiLavaKusa #Bahubali2 #RamCharan #Vijay61 #Vivegam #Ka…",0,
4 Days To Go... #Bahubali2 https://t.co/GHQyXJKWCC,1,
" here another look of #Bhallaladeva from #Bahubali2 ....i can't w8 for this epic masterpiece..can u??
@RanaDaggubati https://t…",1,
Easily it would be 1 of the best installs n chennai!Await until #Bahubali2 to get to experience world class Atmos upgradation! @agscinemas,1,
" #Bahubali2 Lovely song based on raag Bilahari..LOVED singing it!Thank you @mmkeeravaani sir, @ssrajamouli sir  team
http…",0,
 As expected till Monday all blocked sorry it's booked #Bahubali2 https://t.co/8lZu5T6eJZ,0,
Can Anybody in Vijayawada help me with two tickets of bahubali2 on first day.....,1,
@uRstruLymaNohaR @ms_its_me Friday #Bahubali2 sick off sat sun mon official off 3 days bng 1 day ctr.. inka 2-3 weeks vnta anukunta,0,
"Bahubali2 the conclusion - Story expected short film

https://t.co/2n3lUDXbtR",0,
 Karan Johar decided to keep ticket price of #Bahubali2 10% more than film #Dangal means day1 business will be 30Cr+(Hindi)…,0,
@FilmyCurry Answered 2 questions Team. #Bahubali2WithFC #FilmyCurry #Bahubali2,0,
Am I the only one Not Waiting for #Bahubali2 and Going to Ofc on Friday �,0,
"#Bahubali2 why #tamils and #kannadigas are always like #india and #pakistan matches, nation betting on katappa's story - in reel &amp; real",0,
" Baahubali Returns now � Worldwide release on April 28!

#Bahubali2 #Prabhas @RanaDaggubati #AnushkaShetty https://t.co/…",1,
If #Bahubali2 is liked as much as #Bahubali1 its bound to be India's first ever Rs 1000 cr grosser. That's a big leap.. Saho re #Bahubali2,1,
"Oka show ki tickets booked , Inka banglore lo Mng show ki try cheyali #Bahubali2 https://t.co/AXrKMKV6RT",0,
"#Bahubali2 film unit met #Telangana Govt asking to give spl permission for screening of the movie, got permission f… https://t.co/0LaS0x0Ipw",0,
"Watch -- https://t.co/CajfMdjgpy

#baahubali2 #SaahoreBaahubali #Bahubali2 #BahubaliTheConclusion #Prabhas… https://t.co/2V1AKZAOnb",0,
@CatchNews @SpiceSocial1 @BaahubaliMovie Ans 2).    9 Movies ( Total 10 including Bahubali2 ) #Baahubali2… https://t.co/gch7QVzfw9,0,
Dubai is ready for #Bahubali2 https://t.co/lFPJ9qHhFX,1,
 #Bahubali2 mania started!! An advertising holder on Greater Toronto Public Transport @ssrajamouli @BaahubaliMovie @Shobu_…,0,
"#Bahubali 1 (2015) Did
49Cr, Day 1
365Cr Nett India
605Cr Worldwide

What Are Predictions For #Bahubali2 ?",1,
This Friday indian cinema will experience biggest war drama of all time #Bahubali2 bt my only request to makers is do nt play with figures �,1,
 #Bahubali2 will release in 7000 screens in India. Biggest release in the history of indian cinema. Daddy of all blockbuster…,0,
Feeling like watching for the first time #bahubali ...Great work!!!Waiting for #Bahubali2 !!! #SaahoreRajaMouli sir… https://t.co/P4RSc6DlwO,1,
"Can't Wait!!! ��� #4DaysToBaahubali2

#BaahubaliTheConclusion #Bahubali2 #SSrajamouli #Prabhas #RanaDaggubati https://t.co/RleKE4XX1V",1,
#sathyaraj has been left alone by Actors Union and Producer council.why not a support statement @VffVishal #Bahubali2 is imp so is sathyaraj,0,
"#Bahubali2 Dubai promotional tour event at 7:30 pm at Roxy Cinemas, City Walk on Tuesday. Free entry for all!! https://t.co/EY7qx3O41u",0,
 IMAX screens list and showtimes for the epic #Bahubali2 in USA https://t.co/o7pCJb7nPi,0,
 Team #Baahubali2 will visit Dubai on 25th April #BaahubaliTheConclusion #Bahubali2 #BaahubaliReturns https://t.co/dhgSOv7clk,0,
" Why #Kattappa killed #Bahubali? The Nation wants to know!�

#Bahubali2 #4DaysToBaahubali2   @jayasankarselva @KProducti…",1,
@JioMusicHD @BuzzingTracks @Rajamouli_Fans @BaahubaliMovie @bahubali_fans @Prabhas_Fans @Darling_PFC @telugu_jokes… https://t.co/E6YRUyqacR,0,
@RGVzoomin @ssrajamouli Yaa sir eagerly waiting for many suprises and prises from RGV on bahubali2. But it is start… https://t.co/mz1rYj2UoB,1,
"Vote #Bahubali2 spread it max ):
#Bahubali2trailer #BahubaliTheConclusion #Prabhas19Title #Prabhas19 #prabhas… https://t.co/6gz3d9SWxu",0,
 #SahooTeaser #Sahoo teaser will be screened with #Bahubali2 film worldwide as well superb will get the widest reach for…,0,
"#ContestAlert #Bahubali2WithFC win movie tickets #contest is now live on #FilmyCurry. #Bahubali2 
Click to see Q1… https://t.co/ryDgoQtEUt",0,
"@FilmyCurry #ContestAlert #Bahubali2WithFC #FilmyCurry #Bahubali2 

A1) 28th April,2017
A2) S.S. RAJAMOULI
Join… https://t.co/IZhPcP75cR",0,
" #Saaho #Prabhas19Title 
teaser on 28th screaning with #Bahubali2 movie https://t.co/6Kxz8g2L4C",0,
@RanaDaggubati #Bahubali2 @ssrajamouli Be united!! Don't release any south Indian movie in Karnataka. Protest will automatically stop..,0,
#Baahubali2PreReleaseEvent #Bahubali2 #BahubaliTheConclusion #Bahubali2trailer Click here For Images: https://t.co/UydvQRT3PR,0,
"@togofogo 
Ready 
#Bahubali2 #ContestAlert",0,
History in the making. Then entire South Indian theaters are sold out for entire weekend. #Bahubali2 @PrabhasRaju @RanaDaggubati #baahubali2,0,
Choo cute�� #AnushkaShetty #SSrajamouli #happymemories  #Bahubali2 https://t.co/GnwNLR59Fd,0,
" Vote #Thalapathy61 � #2point0 #Vivegam #Bahubali2 
Spread max
#maheshbabu #Spyder #pspk #PSPK25 
#ntr27 #tollywood #Ko…",0,
" Day 1 cr + gross vachhe one and only town Ap/tg
Bhimavaram #Bahubali2 
Benfit show 1am sold for 33.87lakhs 
Phenomenonial op…",0,
@JioMusicHD @BuzzingTracks @Rajamouli_Fans @BaahubaliMovie @bahubali_fans @Prabhas_Fans @Darling_PFC @telugu_jokes… https://t.co/EVeMgJ4h2T,0,
April 28 is coming to the Indian beast movie bahubali2 in other movies going to the silence,1,
" @BaahubaliMovie @ssrajamouli This is something I made :D Hope you like it!
#FanArt #Bahubali #bahubali2 #BaahubaliThebe…",0,
#Bahubali2 releases this Friday ☺ #Bahubali https://t.co/WmgiDomRpT,1,
" Be the first to watch the trailer of #Bahubali2 with the cast and crew in Mumbai, tomorrow. Drop in your answers below! #Con…",1,
" #Bahubali2 From April 28
@ssrajamouli @arkamediaworks @KProductionsInd @srigreen_pro @ThenandalFilms @nasser_kameela @Ran…",1,
@JioMusicHD @BuzzingTracks @Rajamouli_Fans @BaahubaliMovie @bahubali_fans @Prabhas_Fans @Darling_PFC @telugu_jokes… https://t.co/OimTM7gxdD,0,
Last 25mins #Thalapathy61 need 100 votes to win #Vijay61 #SpyderWorkingStills #Spyder #maheshbabu #Vijay #Bahubali2… https://t.co/FSDGtsYiBp,0,
"Understand why #Kattappa killed #Baahubali in the #conclusion on 28th April. #WKKB #Bahubali2 @BaahubaliMovie

https://t.co/iPhaZQKsEC",1,
Hey all give a shout out to @AAfilmsIndia and watch out for their next - #Bahubali2 .. coming soon!!!,1,
"Will watch #Bahubali2 after a week, ticket price in premium theaters are sky high for 1st 5days, looting #unfair @ssrajamouli",1,
@news24tvchannel at #BoxOffice #Bahubali2 ....will become....Modern SHOLE......,1,
Booked tickets for  #Bahubali2  Benefit show at Urvashi Bangalore....... Feeling Very very Excited����,1,
"Application for #Bahubali2 ☺☺
#BahubaliTheConclusion https://t.co/Cww4JJ4M8M",1,
"@kartabed Eagerly waiting
#bahubali2
#contest",1,
@JioMusicHD @BuzzingTracks @Rajamouli_Fans @BaahubaliMovie @bahubali_fans @Prabhas_Fans @Darling_PFC @telugu_jokes… https://t.co/bmALYPurd9,0,
" #RebelStar #prabhas #Prabhas19 #Prabhas19Title #Saaho 
Teaser On 28th along with #Bahubali2 

Officially Confirmed������ ht…",0,
@ursyathi @pandu_kdp PGR lo mostly premier undadu. Bcz it's a new one . But #Bahubali2 kabatti undachu,0,
@JioMusicHD @BuzzingTracks @Rajamouli_Fans @BaahubaliMovie @bahubali_fans @Prabhas_Fans @Darling_PFC @telugu_jokes… https://t.co/RrDPfiwkk7,0,
Now thats an honest reason to seek leave #kattappa #Bahubali2 https://t.co/K3SrJU3lT0,0,
#Bahubali2 Multiplexes is a very important issue in overall box office this film has high potential there hope issue solves in kearla soon,0,
"@Telugu360 @BaahubaliMovie @Shobu_ @ssrajamouli @ssk1122 #T360APTSBAAHUBALI2
AP/TS will be around 41.5cr
#bahubali2",0,
@JioMusicHD @BuzzingTracks @Rajamouli_Fans @BaahubaliMovie @bahubali_fans @Prabhas_Fans @Darling_PFC @telugu_jokes… https://t.co/8M37s6ncyX,0,
" In terms of music quality, innovation, original scores, bgms...Who among the below u think is best in #TFI #Bahubali2 #Spyd…",0,
"#mondaymotivation
#Bahubali2 week this is..so excited��",1,
Bahubali 2 is all set for the grand release #bahubali2 https://t.co/S8PYIZmuAl,1,
@Baahubali2017 Hey checkout my #Bahubali2 funny video. Open this tweet &amp,0,
Makes sense #Bahubali2 https://t.co/YU0M9gyYGq,0,
"Day1 90L weekend 1.40cr week1 1.90cr closing 3cr+ Sure��
Only 
@ KKD CITY
#Bahubali2 
First week ki BB1 closing out...",0,
@ssrajamouli How did you even think of the 'elephant lifting bow' scene? #stunned #Bahubali2 #elephantcarriesbow,0,
"@karanjohar @tamannaahspeaks @ssrajamouli #Bahubali2 
Can't wait to see... Why did katappa killed bahubali ? https://t.co/W5vfDr2O7N",1,
All eyes on #Bahubali2 Now,1,
@JioMusicHD @BuzzingTracks @Rajamouli_Fans @BaahubaliMovie @bahubali_fans @Prabhas_Fans @Darling_PFC @telugu_jokes… https://t.co/Zy9CuxZHDu,0,
" #4DaysToBaahubali2 trending  start wohooo......�������
#Bahubali2 
#Prabhas19Title 
#Sahoo
#BahubaliTheConclusion http…",0,
Seems that this will be a important scene in #Bahubali2 https://t.co/DvkxQ2UU0O,0,
 The #WorldOfBaahubali Event pics --&gt,0,
" Tickets Hike Extended 3Months
So East and UA
#Bahubali2  200/-
#Spyder 150/- https://t.co/d3AyTezpOq",1,
@IndiaToday @BaahubaliMovie We shl watch Bahubali2 but will close our eyes wen ever satya Raj appears a rabid Hindu… https://t.co/tnhNv3Op4S,1,
After a day full of challenges you just have to face that and then GO TO SLEEP #Bahubali2  #justforfun GIFS https://t.co/0MgZCo3Q0S,0,
" every time I am reading kariappa as katappa � 

#GLvKXIP #ipl #Bahubali2",0,
File IPC 420 against all theaters and Multiplexes playing #Bahubali2 . Collecting min tripple the Usual fare. @CMofKarnataka @BlrCityPolice,1,
@JioMusicHD @BuzzingTracks @Rajamouli_Fans @BaahubaliMovie @bahubali_fans @Prabhas_Fans @Darling_PFC @telugu_jokes… https://t.co/mB9JoDGRGb,0,
 Team #Bahubali2 in #Dubai on Tuesday - April 25. https://t.co/6mnyvRLevB,0,
#Bahubali2 movie in dubai theatres https://t.co/ckXKL0lSh8,0,
@kamaalrkhan Absolutely I will watch bahubali2 in theatre,1,
 #Bahubali2  the hindi version is the biggest version release at ireland over 18 locations https://t.co/V2LU3o63AD,1,
#Baahubali2 Six Shows Issue In #andhrapradesh  | #Bahubali2  | #Prabhas | #Rajamouli https://t.co/BYbY70DK37,0,
@JioMusicHD @BuzzingTracks @Rajamouli_Fans @BaahubaliMovie @bahubali_fans @Prabhas_Fans @Darling_PFC @telugu_jokes… https://t.co/wIp5zvKda2,0,
 #Baahubali first day kearla gross is 50 lalhs and overall run gross is 14.55 croes #Bahubali2 gross will be MUCH MUCH m…,0,
Kattappa really killed bahubali? #Bahubali2,1,
@bookmyshow  team we registered for the pre booking of #Bahubali2 can u tell us wen vl v be notified abt d confirmation of d tkts??,1,
" Bookings now open for #Bahubali2:  The conclusion 
https://t.co/GnJpgY7CKz  
| We are also super excited to unveil our…",0,
"#Bahubali2 @ RTC X Road's (28/4 To 1/5) FOUR Day's In
Sudharshan35MM &amp; Devi70MM
7:30am
11:00am
2:15pm
5:45pm
9:15pm",0,
"FILMY CONTEST begins! Win tickets to the movie!
#bahubali2 #devasena #bhallaladeva #Kartabed #buymattressonlline… https://t.co/GTGrZnt2fl",0,
" 28 april to 4 may is officially declared ""i m sorry i don't want 2 tell bt kattappa ne bahubali ko isiliye mara . . ."" we…",0,
"A GrabOn Exclusive Trailer of #Baahubali2 ��: https://t.co/eHqD3sUemT

#Bahubali2 #prabhas #SSrajamouli #tollywood… https://t.co/yeI5CDmJPh",0,
#bangalore #Bahubali2 First Day Ticket Price ��� https://t.co/LCHI9TybWo,1,
#baahubali2 #bahubali #bahubali2 #bahubalitheconclusion #baahubalitheconclusion #prabhas #satyaraj #wkkb Preview https://t.co/0Vlzy1rVTR,0,
"#Bahubali2 Dubai promotional tour event on 25th at 7:30 pm at Roxy Cinemas, City
https://t.co/Ncw8zYujCc… https://t.co/IhU5M7dRKl",0,
@JioMusicHD @BuzzingTracks @Rajamouli_Fans @BaahubaliMovie @bahubali_fans @Prabhas_Fans @Darling_PFC @telugu_jokes… https://t.co/ckkIu4TP7q,0,
Urvashi Theater Bangalore 4:00 AM show booking opened #Bahubali2,1,
"@FilmyCurry @contestmantra @india4contests #ContestAlert #Bahubali2WithFC #FilmyCurry #Bahubali2 

A1) 28th APRIL,2017",0,
"#ODISA

Rebel Star Fans... 

#Bahubali2 Craze... https://t.co/nzbmqQnOq4",1,
#RCB Total Score &lt,0,
I have 2tickets for Bahubali2 in bahadoorpur.If you want call me 7893955132.hyd,1,
@JioMusicHD @BuzzingTracks @Rajamouli_Fans @BaahubaliMovie @bahubali_fans @Prabhas_Fans @Darling_PFC @telugu_jokes… https://t.co/9harNqccBr,0,
" Cut Out Kaa Baap... 

#Bahubali2 https://t.co/hyhbeVMyLw",0,
" Bahubali2 buzz fadddu hai � 
People eagerly want to know about 

""why kattppa killed bahubali??""

All buzz depends on thi…",1,
 #Bahubali2 @ NIZAM Area 5 Show's Permission Granted,0,
 It's Official Confirm By @Kabirkhankk #TubelightTeaser Coming With #Bahubali2 Movie on 27th April  &amp,0,
#Bahubali2 in UAE/GCC all the versions of the Film Hindi Telugu Tamil and Malayalam versions will release there wit… https://t.co/lj9CsI5MDn,0,
Top Apps waiting for #Bahubali2 tickets kosam https://t.co/lAQOqksG8J,0,
" The FINAL Question!
#Bahubali2 fans, tell us TELUGU OR TAMIL? https://t.co/CuXEv6pmGF",1,
 The craze for #Bahubali2 is unprecedented. I am sure this film will rewrite Box office history.,1,
"@taran_adarsh the quality of Bollywood movies r declining  whr as south is reaching it's heights #Bahubali2, #2.0 #Rajakumara #Pulimurugan",0,
#Bahubali2 is #grandeur &amp,1,
" Head over to our friends at @JioMusicHD to win #Bahubali2 merchandise.
https://t.co/brbOh8e9Zi",0,
" Synonym for Cute ��

#SpyderMassiveWorkingStills #Pk25 #Jailavakusa #DJ23rdJune #Bahubali2 #4DaysToBaahubali2 #Kajal #Ni…",0,
"Where #Bangalore is heading???
Protest to #Bahubali2 is more imp. Than #roads  #traffic #garbage #water &amp;… https://t.co/bKBgk2TFiy",0,
Sandya and Manasa Opened bookings form 29th @bookmyshow  #Bahubali2,0,
"#Bahubali2 Ongole 
Sathyam BS tickets 
#SaahoreBaahubali � https://t.co/VokZhjT0ae",0,
Jiyo #Baahubali Fans! You are now just a Question away from winning exciting prizes. Just 30 RT's to unlock.… https://t.co/55TC6PCp8M,0,
#Bahubali2 Audio launch event photos. Watch #Bahubali2 Premiere show on April 27th at #Yorkcinemas... https://t.co/NLgBl4jMoz,0,
@JioMusicHD @BuzzingTracks @Rajamouli_Fans @BaahubaliMovie @bahubali_fans @Prabhas_Fans @Darling_PFC @telugu_jokes… https://t.co/Lrg7e4RkGu,0,
#Bahubali2 censor reports 2nd half #blockbuster #wkkb,1,
Will you watch 'Baahubali 2'? #Bahubali2 #BahubaliTheConclusion #bahubali2audio,0,
"Bahubali 2 Movie PressMeet Gallery
Click Here : https://t.co/YaZGrEYq4A

#bahubali #bahubali2 #SSRajamouli #Rana… https://t.co/QGwoViFoDo",0,
" #ContestAlert - Second question of #Bahubali2WithFC #Contest is out.
#Bahubali2. Follow us ,RT 
Click to see Q2 https://t.c…",0,
 #Bahubali2  Hindi version to release over 6 locations at Italy good release https://t.co/TBRcf8IdJy,0,
@karanjohar I'm also waiting for bahubali2 .,1,
@JioMusicHD @BuzzingTracks @Rajamouli_Fans @BaahubaliMovie @bahubali_fans @Prabhas_Fans @Darling_PFC @telugu_jokes… https://t.co/307X6MTo8K,0,
 #Bahubali2 agreement yet to be signed ... Will update on bookings opening status by tomorrow ...,0,
"Cant wait to watch Bahubali2 Fdfs 

PROUD OF AKKISTAAN",1,
Living life king size as #Bahubali aka #Prabhas.. #Bahubali2 #SahoReBaahubali https://t.co/KVtL30Z6H3,1,
"@CatchNews @BaahubaliMovie @SpiceSocial1 Ans 5) Rs. 450 crore
#Bahubali2  #superexcited",0,
And these @RCBTweets fans want to ban #Baahubali2TheConclusion #Bahubali2 �����,0,
#baahubali2 Will Be Indian First 1000 Crores Movie ? | #Bahubali2  Movie| #Prabhas | #Rajamouli https://t.co/u9afSA3jR5,0,
@JioMusicHD @ssrajamouli @karanjohar @Shobu_ @tamannaahspeaks @BaahubaliMovie @manojmuntashir @LahariMusic Ready #Bahubali2,0,
"Bahubali First day Ww Gross????
#Bahubali2 #Thalapathy61 #Vivegam #Mahesh23 #KatamaRayudu",1,
 Will there is a liplock between #prabhas &amp,1,
@taran_adarsh No doubt #Bahubali2 is highest grosser of the Indian movie ✊✊✊,0,
"@FilmyCurry @contestmantra @india4contests 28th April 2017
#Bahubali2  #ReleaseDate 
#SuperExited",1,
"Finally Got It
#BahuBali2 (6:15 am) �������",1,
Book #Bahubali2 Movie Tickets @ Upto Rs.160 Cashback https://t.co/653t6ZGwmA https://t.co/CPwQDTR77k,0,
"#Bahubali2 ALL SET 4 AM show in URVASHI theatre, Bangalore.. ����

@AnilKumaKasina @urstruly_murali @nikesshh @Nikesh_Rox",1,
"for bahubali2 ap govt gives the permission 6shows,any body can answer use of these extra shows please",0,
"@FilmyCurry #ContestAlert #Bahubali2WithFC #FilmyCurry #Bahubali2 

A2) S.S. RAJAMOULI",0,
@JioMusicHD @BuzzingTracks @Rajamouli_Fans @BaahubaliMovie @bahubali_fans @Prabhas_Fans @Darling_PFC @telugu_jokes… https://t.co/Y6b6KZtZ4i,0,
I need #Bahubali2 tickets first day in #Vijayawada any one plzzzzzzz?????,1,
#Bahubali2 Trichy La Cinemas SonaMina Cinemas Booking Starts. 10 Shows Per Day @ssrajamouli #Prabhas https://t.co/ja0gtNKypA,0,
@JioMusicHD @ssrajamouli @karanjohar @Shobu_ @tamannaahspeaks @BaahubaliMovie @manojmuntashir @LahariMusic Ready #Bahubali2 #JioMusic,0,
 Who is biggest star in India #Vivegam #Thalapathy61 #AjithKumar #Spyder #Mahesh23FLDay  #Thala58 #Pawan #KatamaRayudu #Bah…,0,
" Watch -- https://t.co/Dld0V0A0uR

#Prabhas19Title #Saaho #SaahoreBaahubali #Prabhas19 #Baahubali2 #Bahubali2 #JaiLavakusa #S…",0,
"#Bahubali2 
Applied leave in advance. https://t.co/XCP8wteWA4",1,
#Bahubali2 all set to rewrite box-office history in India with a minimum Rs 150 cr global collections on day 1. Underline Day 1..Here's how,1,
@BaahubaliMovie Countdown Posters – 4 Days https://t.co/dPCAy7Ge4c,0,
Today reservation starts for Bahubali2 in tamilnadu #Baahubali2 #Rajamouli #4DaysToBaahubali2 @RanaDaggubati… https://t.co/8OUqUbh9W4,1,
" Cuteness overloaded..���
#AnushkaShetty #Sweety #Bahubali2 � https://t.co/TEDInO54X9",0,
#Bahubali2 is the 3rd biggest tamil release at Ireland as well releasing over 11 locations,1,
 #Bahubali2 worst than #Si3 in TN,0,
@FilmyCurry DONE ✅ #Bahubali2WithFC #Bahubali2 https://t.co/jPjRqeCPlW,0,
@Shobu_ Hey checkout my #Bahubali2 funny video. Open this tweet &amp,0,
" #Bahubali2 
@ MANDAPETA TOWN 
DAY1 Expecting Share 25L+
1st Week 80L+
8/8 Theaters rel
Main Satyasri , Vijaya 
7Theaters 5…",0,
" Indian epic #Bahubali2 confirmed to open in #IMAX next wknd in India, Middle East + about 40 North American scrns. #Baahu…",1,
 Mega fans target #Bahubali2 https://t.co/TVQ4HfO2yf,1,
 Applied for leave #Bahubali2 �� @KyaUkhaadLega @BATOLEBAZI @Marathi_Rash @Being_Humor https://t.co/vArwaRUOsM,1,
"Sir @ssrajamouli , why did you book 3 Audies of #Bahubali2 for the 1st 3 days in PVR Forum? I heard they are planning for 6am shows, true??",1,
" #Bahubali2 @ RTC X Road's (28/4 To 1/5) FOUR Day's In
Sudharshan35MM &amp; Devi70MM
7:30am
11:00am
2:15pm
5:45pm
9:15pm",0,
" #Bahubali2 article in GTA magazine #BaahubaliTheConclusion @ssrajamouli @Shobu_ @greatindiafilms @BaahubaliMovie 

Advanc…",0,
Watching this great movie again to get interest of #wkkb #Bahubali2 #4DaysToBaahubali2 https://t.co/Sv7EHyxF4h,1,
Can't wait for 28th April. #Bahubali2 https://t.co/mZ04bxnMjc,1,
"@triveniethnics Done dear team!
#TriveniContest #WKKB #TriveniandYou #Bahubali2",0,
 #Sathyaraj Video Statement Regarding #Bahubali2 Kannada Issue !! #Tamilan https://t.co/KC9WiFxHYF,0,
@taran_adarsh #Bahubali2 will be Storm at box office and the real tsunami will come when after two months… https://t.co/wcGwIaJOTZ,1,
 @taran_adarsh #Bahubali2 will be Storm at box office and the real tsunami will come when after two months #Tubelight will…,0,
 #Bahubali2 in UAE/GCC all the versions of the Film Hindi Telugu Tamil and Malayalam versions will release there with Ara…,0,
@Rajamass That's why piracy is being encouraged by middle class people #Bahubali2 #hiketicketprices,0,
#Bahubali2 #BahubaliTheConclusion #April28 First Day 5cr+ On Cards In Kerala @sri50 @Forumkeralam1 @KeralaBO1… https://t.co/KUiVznDukf,0,
"#BahubaliTheConclusion (Tamil) BOOKINGS OPEN. Book your tickets at @bookmyshow 

#Bahubali2 from APRIL 28 https://t.co/conkbfDWTR",0,
" @FilmyCurry #ContestAlert #Bahubali2WithFC #FilmyCurry #Bahubali2 

A1) 28th April,2017
A2) S.S. RAJAMOULI
Join
@NehaDevj…",0,
"@Mirchi9 @greatindiafilms @BaahubaliMovie @ssrajamouli @ssk1122 52 cr INR
8.2 million dollars 

#Bahubali2 #Mirchi9Win1000",0,
When will the bookings open for #Bahubali2? @sathyam_cinemas,1,
#Bahubali2 50 plus theatres have even 6am plus shows for the film at kearla and its confirmed already,1,
"@CatchNews @BaahubaliMovie @SpiceSocial1 Ans 1) 10 july, 2015
#Bahubali2 #superexcited https://t.co/3OO5YRKtnJ",0,
@JioMusicHD @BuzzingTracks @Rajamouli_Fans @BaahubaliMovie @bahubali_fans @Prabhas_Fans @Darling_PFC @telugu_jokes… https://t.co/9JYmAtL7qd,0,
"which movie r u Waiting For ???

#Sahoo #Spyder #Bahubali2 @urstrulyMahesh @PrabhasRaju",0,
@JioMusicHD @BuzzingTracks @Rajamouli_Fans @BaahubaliMovie @bahubali_fans @Prabhas_Fans @Darling_PFC @telugu_jokes… https://t.co/oIwzloPfH2,0,
 Book #Bahubali2 tickets at @TicketNew . Book here: https://t.co/hFLGqgA47w #Bahubali2 advance #Bahubali2 #Bahubali2 USA #mov…,1,
"Head over to our friends at @JioMusicHD to win #Bahubali2 merchandise.
https://t.co/brbOh8e9Zi",0,
"Vote #Bahubali2 spread max
#bahubali #BahubaliTheConclusion #prabhas #Prabhas19 #tollywood #bahubaliINkarnataka… https://t.co/iw70a9q7qY",0,
@JioMusicHD @ssrajamouli @karanjohar @Shobu_ @tamannaahspeaks @BaahubaliMovie @manojmuntashir @LahariMusic RT DONE  #Bahubali2,0,
which Tamil movie r u looking forward to the most.. #Thalapathy61 #IPL2017 #Vivegam #RCBvKKR #Bahubali2 #TSK,0,
@JioMusicHD @BuzzingTracks @Rajamouli_Fans @BaahubaliMovie @bahubali_fans @Prabhas_Fans @Darling_PFC @telugu_jokes… https://t.co/TuZqryVjPY,0,
"King of box office ??
#Vivegam #Vivegamteaser #Thalapathy61 #thalapathy62 #2point0 #Ajith #Vijay #Mahesh24 #Spyder #SuchiLeaks #Bahubali2",0,
I liked a @YouTube video https://t.co/RFkdo6HEC5 @BAHUBALI2@ TRAILER 2017 %prabash% S S RAJAMOLI FILM,0,
 #Ongole Gorantla multiplex getting ready for the opening.... #Bahubali2 will be the first film to be screened here.... htt…,0,
" #Vizag_Gajuwaka

#PrabhasAnnaya #Bahubali2 craze https://t.co/zajK31kchi",0,
"Yes @dalermehndi paji..
The awesome song ever..
Much Awaited Movie. .
Special fully Exciting 
@mmkeeravaani 
#Bahubali2",0,
"@Wave_Cinemas 100000 lakh soldiers 
#Bahubali2",0,
 goose bumps #Bahubali2 https://t.co/6ndpU8dfhF @ssrajamouli,1,
#Bahubali2 fever? @kamaalrkhan � #MasalaCommentary https://t.co/zFBaAFzF5F https://t.co/YZrKepRJQb,0,
"#Bahubali2 NIZAM Area 5 Show's Permission Granted
Well done @Shobu_ &amp; Prasad garu
@MSKumar143",1,
@JioMusicHD @BuzzingTracks @BaahubaliMovie @Baahubali2017 @MeRajeevDarling @Tarek_Fatah_FC @RanaDaggubati_… https://t.co/bwl9qkVD20,0,
" Vote #Bahubali2 spread max
#bahubali #BahubaliTheConclusion #prabhas #Prabhas19 #tollywood #bahubaliINkarnataka #Keral…",0,
"@FilmyCurry @contestmantra @india4contests A1) 28th APRIL,2017 #ContestAlert #Bahubali2WithFC #FilmyCurry #Bahubali2",0,
"My Predictions For #Bahubali2 (All Language) Are
60-65Cr (Gross)1st Day
250-275Cr (Nett) Week
400-430Cr (Nett) Lifetime
800Cr+ Worldwide",1,
@taran_adarsh All are saving their money time and energy to welcome #Bahubali2,1,
" World 's first review of #BahuBali2 exclusive on https://t.co/3dyPYuJ1Mi by @itsCriticBrain , stay tuned",0,
 @Baahubali2017 Hey checkout my #Bahubali2 funny video. Open this tweet &amp,0,
" #Bahubali2 Rumors : 
Why Kattapa killed bahubali ??

Kattapa is twin and the twin kattapa faked the real kattappa betra…",1,
"@telugufilmnagar Watch my daughter Charishma's Hamsa Naava cover song of Bahubali2
https://t.co/WIEdg6h14m",0,
@JioMusicHD @BuzzingTracks @Rajamouli_Fans @BaahubaliMovie @bahubali_fans @Prabhas_Fans @Darling_PFC @telugu_jokes… https://t.co/BFo0Mnaxjj,0,
 Who is More craze in India #Mahesh23  #SPYderFirstLook #Pawan #KatamaRayudu #JaiLavakusa #Bahubali2 #Sahoo #IPL2017,0,
" #sathyaraj speech deliverd as memes #bahubali &amp; #Bahubali2 diff

#superstar #Rajinikanth #KamalHaasan #Ilayathalapathy…",0,
@ssrajamouli advance congrats bahubali2 for amarashilpi jakkanna live long and next film on krishna devaraya epic,1,
This is one movie I don't wanna miss. Best wishes for a spectacular opening !  @ssrajamouli @Shobu_ @karanjohar… https://t.co/MC9Q8zeWB5,1,
5 shows Permission granted for #Bahubali2 in TS too.Minister Talasani Srinivas yadav gave nod to Producers request.� #4DaysToBaahubali2,0,
" #BahubaliTheConclusion (Tamil) BOOKINGS OPEN. Book your tickets at @bookmyshow 

#Bahubali2 from APRIL 28 https://t.co/conkb…",0,
@bookmyshow  pls clarify why its showing green colour when tkts were sold out  ?? #Bahubali2 https://t.co/N8rCse9GMj,1,
" Best Tollywood Actor ��
(2/2)

#Spyder #pk25 #ntr27 #Bahubali2 #JaiLavakusa #2Point0 #Mahesh23 #Bahubali #DJ23rdJune #duvva…",0,
" This is Sooo Cool ��
#Bahubali2 ka Fever is Actually High in Pune https://t.co/gJei1wkDAv",1,
Leave application ��� #Bahubali2 https://t.co/cI0nOVhqqp,1,
Shankar sir about Rajamouli sir  �� Two superstar directors of Indian cinema industry #Bahubali2 https://t.co/cqj7hG9Jvv,0,
"Excited to see #Bahubali2 Coming Friday MeanWhile Poster Design by Me 
@ssrajamouli #TamannaahBhatia #Anushka… https://t.co/jbYlitbln4",1,
@_PVRCinemas can we have few @PVRIMAX shows of #bahubali first part in #Hindi before #Bahubali2 in #bangalore please @DharmaMovies,0,
#Bahubali2  first 3 days at a big well known single screen is just phenomenal at kearla,1,
 5 shows Permission granted for #Bahubali2 in TS too.Minister Talasani Srinivas yadav gave nod to Producers request.� #4DaysT…,1,
 AP govt given permission for 6 shows per day in AP for #Bahubali2.GPSK ki idi ivvaledu.2 mins silence 4 who cried on gp…,0,
All Set for 4:00 AM Benifit show in Urvashi Theater Bangalore #Bahubali2,1,
5 Shows For 3 Days Or Week !? #Bahubali2 https://t.co/UPqV8klYY5,0,
"#Bahubali part 1 has some sold out shows this Monday in chennai, this is just insane,speaks about the level of excitement for #Bahubali2",1,
GoodNews From AP Govt. Not For Telangana | Daily 6 Shows For Bahubali2 I... https://t.co/KPJxkVrK4v via @YouTube,0,
" Watch -- https://t.co/HvVCjWKFqE

#baahubali2 #Bahubali2 #ranadaggubati #Prabhas #Saaho #Telangana #Spyder #JaiLavakusa #PSP…",0,
@TandonRaveena @AAFilmsIndia We all are waiting Bahubali2,1,
#kattappa #Bahubali2 hahaha what a leave application :-) https://t.co/5g1uNFPrae,1,
"Cuteness overloaded..���
#AnushkaShetty #Sweety #Bahubali2 � https://t.co/TEDInO54X9",0,
 which Tamil movie r u looking forward to the most.. #Thalapathy61 #IPL2017 #Vivegam #RCBvKKR #Bahubali2 #TSK,0,
"#Bahubali2 from April 28 
@ssrajamouli @arkamediaworks @Me_Prabhas @Anushka_ASF @RanaDaggubati @tamannaahspeaks… https://t.co/VHDUO2avli",0,
 Retweet this if you will watch First Day First Show of #Bahubali2 @ssrajamouli https://t.co/UZZlrAJ93Q,1,
"Top 5 theatrical rights! 

#2.O - 60Cr
#Thalapathy61 - 52Cr 
#Vivegam - 48Cr
#Bahubali2 - 46Cr 
#TSK - 40Cr
#Velaikaran - 38Cr",0,
"Kurnool city 
#Bahubali2  
Day1 Estimated 
Gross 75 to 80 lakhs 
1st Week 2cr+++
Never Before 
#LeaderOfIndianFilmHistory 
#SSrajamouli ���",0,
"Have you pre-booked your Bahubali tickets? #Bahubali2 #BahubaliTheConclusion 
#Bahubali https://t.co/vVwQnPKFlx",1,
#Bahubali2 @ NIZAM Area 5 Show's Permission Granted,0,
@_PVRCinemas #Bahubali2 undoubtedly..,1,
" Kids are Excited for Bahubali2
Real Men are waiting For Prabhas 19
#Saaho",0,
"@Manikanta9999 
#Bahubali2 Tickets Book chesukunnava ani?",0,
"https://t.co/958GeTiLPQ

Some unasked questions in BAHUBALI....!!!!

#Saaho  #Bahubali2  #BahubaliTheConclusion  #Bahubali2TheConclusion",1,
 @JioMusicHD @BuzzingTracks @Rajamouli_Fans @BaahubaliMovie @bahubali_fans @Prabhas_Fans @Darling_PFC @telugu_jokes @SSRa…,0,
 Official #Baahubali merchandise loved by the movie team. Buy here --&gt,0,
 Kfcc president Sa Ra Govindu speaks to protesters on #Bahubali2 Release in Karnataka #chitraloka @ssrajamouli https://t.co/…,0,
@JioMusicHD @BuzzingTracks @Rajamouli_Fans @BaahubaliMovie @bahubali_fans @Prabhas_Fans @Darling_PFC @telugu_jokes… https://t.co/N3FMquPqdg,0,
great shot....#BAHUBALI2 #MSK #ANTENNA https://t.co/GxejfntF2U,0,
" Q.2 unlocked! �
Hurry, Answer and don't forget to keep listening to #Bahubali2 on #JioMusic to win! https://t.co/iHK8Jb67xV",0,
" #Bahubali2 craze reaches hight at #Kerala 

Never scence this much of mass for a #movie other than #malayalam actor mov…",1,
" #ContestAlert #Bahubali2WithFC win movie tickets #contest is now live on #FilmyCurry. #Bahubali2 
Click to see Q1 https://t…",0,
Kattappa killed bahubali because he supported karnataka in Kaveri water issue. #Bahubali2 #BahubaliTheConclusion,0,
@JioMusicHD @BuzzingTracks @Rajamouli_Fans @BaahubaliMovie @bahubali_fans @Prabhas_Fans @Darling_PFC @telugu_jokes… https://t.co/hzd6MP9mHI,0,
" Yes @dalermehndi paji..
The awesome song ever..
Much Awaited Movie. .
Special fully Exciting 
@mmkeeravaani 
#Bahubali2",1,
No @ssrajamouli  no #Bahubali2 lol sme Kids syng #Prabhas  national star india famous   bimavaram bulodu � via… https://t.co/a9VqHC9x3j,0,
" #Heroine Gets Connected With #Prabhas

https://t.co/5ljzkTusCG

Plz Follow-&gt;@PhotoNews26

#PrabhasUpdates #Bahubali2 #Saah…",0,
 Can't wait for 28th April. #Bahubali2 https://t.co/mZ04bxnMjc,1,
@JioMusicHD @BuzzingTracks @Rajamouli_Fans @BaahubaliMovie @bahubali_fans @Prabhas_Fans @Darling_PFC @telugu_jokes… https://t.co/RBgtCSj38o,0,
#Bahubali2 will be screened five shows daily in all theatres across #Telangana @NewIndianXpress,1,
#KKRvRCB #Bahubali2 #NationalAnthem #RabindranathTagore #KapilSharma does arrogant sourab ganguli deserve kick for critizing ma dhoni?,0,
"Vote #Thalapathy61 #2point0 #2PointO #Vivegam #Bahubali2 and spread 

#jilla #sivakasi #vijay #Vijay61 #thala… https://t.co/UqbMxfhuWx",0,
"Book Bahubali 2 Movie Tickets Online
@ssrajamouli @PrabhasRaju @RanaDaggubati @tamannaahspeaks @_anushkashetty… https://t.co/9Zg0TuETor",0,
 Ur eagerly looking for?#2point0 #Thalapathy61 #Vivegam  #Vijay61 #superstar #Rajinikanth #thala #Ajith  #Vijay62 #Bahu…,0,
@kamaalrkhan The whole 50ps bollywood is waiting for 2rs fellow Visual wonder #Bahubali2 ��,0,
#Spyder A news for #Prabhas19Title as saaho nic tittle #Bahubali2 https://t.co/yKJEFej5eW,0,
"#GoodNews fr #Karnataka people, #Bahubali2 All Set To Release #State Theater @ssrajamouli #prabhas #AnushkaShetty 

https://t.co/08AFYzBEYT",1,
"Prabhas's #Saaho : Teaser from April 28 along with #Bahubali2  

Trilingual - Tamil, Telugu, Hindi. https://t.co/WR3S5f1VeS",1,
"On 28 April morning....

The people will be devided into two...

1. The ones already watched #Bahubali2
2. The ones yet to watch #bahubali2",1,
"@ssrajamouli @RanaDaggubati @tamannaahspeaks 
#Bahubali2 #BahubaliTheConclusion 

Gurukul school art student  mumba… https://t.co/yRQrmaLq3C",0,
#bahubali2 lo rana wife https://t.co/nrf1S2iDVG,0,
 Check my funny video for team @BaahubaliMovie RT if you like my effort. � https://t.co/FJa36v2iMm Will watch #Bahubali2 Day…,0,
" Vote #2point0 - 38% 
#Thalapathy61 - 35%
Vote and share
#Vijay61 #Ilayathalapathy #Vijay #Rajinikanth #thala #Vivegam…",0,
Epic #Bahubali2 https://t.co/fiNKwmYNgD,0,
" Don't miss #Baahubali2 behind the scene pictures.
https://t.co/w3Ijr1bNiK

#Baahubali #BaahubaliTheConclusion #Bahubali2…",1,
#Bahubali2 Press Meet photos,1,
Bahubali- 2 clip leaked! Exclusive video!!! #Bahubali2 #telugu https://t.co/a0CCQtLeu6,0,
still Four days  .. #Bahubali2 @ssrajamouli �#prabhas ❤️❤️�,1,
#Bahubali2 high time that this has a child eligible rating many kids to teenagers  want to watch it at overseas,0,
 Mass booking for #Bahubali2 @ Kerala... Expecting record breaking opening from Kerala.. 15 crore advance from Kerala The…,1,
Revealed #Firstlook of #Prabhas next #Saaho post the release of  #BahubaliTheConclusion. Trailer attached with… https://t.co/T9EQtNiZQz,0,
 Living life king size as #Bahubali aka #Prabhas.. #Bahubali2 #SahoReBaahubali https://t.co/KVtL30Z6H3,0,
"As I walked into #Oppo's #Bahubali2 media launch, 
@kubrasait (points at me): Hey, I want a bite of you! 
(I froze)
Kubra: Byte with you.",0,
"@FilmyCurry Join Friends #Bahubali2WithFC #FilmyCurry #Bahubali2
@SushmaBindu @chinnigd @aanchalsweet92… https://t.co/zWR9JR5TCQ",1,
"After the magnum opus #Bahubali franchise, South superstar @Me_Prabhas is all set for #Saaho!  
Watch its teaser wi… https://t.co/vBIJligli7",1,
Wouldn't it be a dream come true to be a part of the Prelaunch of Bahubali2? You can experience it with us now! #OPPOxBaahubali.,0,
"#SPYderMassiveWorkingStills
Waiting for teaser 
More the Bahubali2 movie https://t.co/SYHLmEx26x",1,
"Watch -- https://t.co/sm5jG7Rn2q

#RC11 #ramcharan #Sukumar #Samantha #PSPK25 #baahubali2 #Bahubali2 #JaiLavakusa… https://t.co/wZ3YLP2OLb",0,
"@cinestaanfilmco @BBFC rated 15 for #Bahubali2 Hindi .Please make few cuts and get 12A ,family eagerly waiting masterpiece of @ssrajamouli",1,
@JioMusicHD @BuzzingTracks @Rajamouli_Fans @BaahubaliMovie @bahubali_fans @Prabhas_Fans @Darling_PFC @telugu_jokes… https://t.co/bQnJ3L7iei,0,
"#Bahubali2
Day1 #kkd city above 90+ lks 
Day1 ee top10 lo untadi ��
Juz #SSR things ��",0,
#Bahubali2 NIZAM Area 5 Show's Permission Granted,0,
"@sujeethsign with #Bahubali2 movie
what a treat for all of us����",1,
"Another view of ""Athirappilly Falls"" aka #Baahubali falls &amp; the valley; beautiful #nature, #beautiful #Kerala.… https://t.co/fJhtA7tHLa",0,
 Indian box office history will be re-written on this Friday..A biggest ever day 1 collection is on cards (in All Langu…,1,
" #Bahubali2 this year #Robot2 Next year. Hattss off to the producer of Robot2 
They never think like #Bollywood.
#South…",0,
"Would like to see #Bahubali2 as India's first 1000 cr movie
Pride of TFI

Best wishes from #Spyder fans",1,
#Bahubali2 releases this Friday. Which means I'll have to find out if there are any showings around me. I can't wait to watch it!,1,
" So if you want to pre-book Bahubali 2 tickets for IMAX Noida, PVR is only asking for Rs 1,500 per ticket #robbery #Bahubali2",0,
" #BahubaliTheConclusion (Tamil) BOOKINGS OPEN. Book your tickets at @justickets 

#Bahubali2 from APRIL 28 https://t.co…",0,
" Becoming Hotter Day by Day
#Bahubali2  #Bahubali  #BahubaliTheConclusion https://t.co/kVuFbND5By",1,
 Easily it would be 1 of the best installs n chennai!Await until #Bahubali2 to get to experience world class Atmos upgr…,1,
" Prabhas's #Saaho : Teaser from April 28 along with #Bahubali2  

Trilingual - Tamil, Telugu, Hindi. https://t.co/eeM56alQ…",0,
#Bahubali2 @ssrajamouli Be united!! Don't release any south Indian movie in Karnataka. Protest will automatically stop..,0,
"#Bahubali2 From April 28
@ssrajamouli @arkamediaworks @KProductionsInd @srigreen_pro @ThenandalFilms… https://t.co/JlJMOQ5UGw",0,
#Bahubali2  the hindi version is the biggest version release at ireland over 18 locations https://t.co/V2LU3o63AD,0,
" #Bahubali2 is expected to get a opening of 5cr+ in #KeralaBoxoffice
Releasing in 315+ screens! 
Unbelievable Crazeness for t…",1,
Records started #Bahubali2 .... https://t.co/aHhXg2gKgs,0,
Exclusive Pics from #Bahubali2 press meet which is going on at #Kochi @tamannaahspeaks @gumediacompany… https://t.co/jPsrr2Fpok,0,
"Vote #Thalapathy61 
Share poll max

#Ilayathalapathy #vijay #Vijay61 #Bahubali2 #BahubaliTheConclusion #Spyder… https://t.co/gmXVrlejR4",0,
" #Bahubali2 film unit met #Telangana Govt asking to give spl permission for screening of the movie, got permission for 5…",0,
"#Bahubali2 is expected to get a opening of 5cr+ in #KeralaBoxoffice
Releasing in 315+ screens! 
Unbelievable Crazeness for tickets!",1,
" Watch - https://t.co/aONot6SB8O

#duvvadajagannadham #AlluArjun #dj #ramcharan #PSPK25 #baahubali2 #Bahubali2 #JaiLavakusa #…",0,
 #Bahubali2 expect record collections of all to be rewritten and the film is said to take a ALL TIME PHENOMENAL VERY HUG…,1,
Who is biggest star in India #Vivegam #Thalapathy61 #AjithKumar #Spyder #Mahesh23FLDay  #Thala58 #Pawan #KatamaRayudu #Bahubali2 #Saaho,0,
@JioMusicHD @BuzzingTracks @Rajamouli_Fans @BaahubaliMovie @bahubali_fans @Prabhas_Fans @Darling_PFC @telugu_jokes… https://t.co/ATyrXWKp45,1,
" Kurnool city 
#Bahubali2  
Day1 Estimated 
Gross 75 to 80 lakhs 
1st Week 2cr+++
Never Before 
#LeaderOfIndianFilmHistory…",0,
"1350 votes
#2point0 - 36%
#Thalapathy61 -35%
#Vivegam -20%
#Bahubali2 -9%

Make it big
#Rajinikanth #vijay #Vijay61… https://t.co/5sFHUDto88",0,
"finally got #Bahubali2 tickets ����
�️�️�️�️ #BahubaliTheConclusion",1,
"Watch -- https://t.co/Sw4M2IEFKP

#Prabhas19 #Saaho #Prabhas #PrabhasSaaho #baahubali2 #Bahubali2 #SaahoreBaahubali… https://t.co/jS9NPLnIux",0,
"Last 30mins #Thalapathy61 need 150 votes spread max 
#Vijay61 #Vijay #Bahubali2 #maheshbabu #Spyder… https://t.co/223zGFKPRJ",0,
" #Baahubali2 release date posters 

#BaahubaliTheConclusion #Bahubali2 #BahubaliTheConclusion #SSrajamouli https://t.co/mYR2ox…",1,
"Watch -- https://t.co/BYbY70DK37

#baahubali2 #Bahubali2 #Prabhas #ranadaggubati #Saaho #Prabhas19 #JaiLavakusa… https://t.co/1xgDeCSNnA",0,
 How did @ssrajamouli even think of the 'elephant lifting bow' scene? #stunned #Bahubali2 #elephantcarriesbow,1,
Are you ready to watch #Bahubali2 as the greatest mystery unfolds?Book tickets at #Palazzo &amp,1,
"Vote #2point0 - 38% 
#Thalapathy61 - 35%
Vote and share
#Vijay61 #Ilayathalapathy #Vijay #Rajinikanth #thala… https://t.co/G0DXbfpzOR",0,
"#Bahubali2 Rumors : 
Why Kattapa killed bahubali ??

Kattapa is twin and the twin kattapa faked the real kattappa betrayed n killed bahubali",0,
" #Bahubali2 Dubai promotional tour event on 25th at 7:30 pm at Roxy Cinemas, City
https://t.co/Ncw8zYujCc
@ssrajamouli…",0,
 #Bahubali2 will be screened five shows daily in all theatres across #Telangana @NewIndianXpress,0,
#Bahubali2 Day1 #kkd city above 90+ lks  Day1 ee top10 lo untadi  Juz #SSR things,0,
Friends I got it Bahubali2 ticket https://t.co/RKDsUroKuW,1,
"Watch -- https://t.co/0LaOJpSGZP

#JaiLavakusa #ntr27 #pawan #NBK101 #NBK #PSPK25 #Baahubali2 #Bahubali2 #Spyder… https://t.co/UGkGggS5E6",0,
" My Predictions For #Bahubali2 (All Language) Are
60-65Cr (Gross)1st Day
250-275Cr (Nett) Week
400-430Cr (Nett) Lifetim…",0,
"1am ,4am shows tho all most 90% bahubali 1 53l record out in bhimavaram 
Expecting gross 1.2 cr from day 1 #Bahubali2 
#Bhimavaram",1,
#Baahubali first day kearla gross is 50 lalhs and overall run gross is 14.55 croes #Bahubali2 gross will be MUCH MUCH more than that,0,
Who is More craze in India #Mahesh23  #SPYderFirstLook #Pawan #KatamaRayudu #JaiLavakusa #Bahubali2 #Sahoo #IPL2017,0,
"#Bahubali2 reservation started movie from 28th April

#bahubali #BahubaliTheConclusion #prabhas https://t.co/SKCJZeLV5f",0,
Worst distribution in banglore #Bahubali2 till now only 2 theatre opened bookings � @ssrajamouli @Shobu_,0,
Any info about #Bahubali2 premier show tickets in #Tirupati??,1,
"New video by @DrrrSanket #Bahubali2 #shootingkarrahahoon 
https://t.co/rlKCTaQ6Ms",0,
 #Bahubali2  Is gonna release in 5 locations at Holland and the bookings are open up already https://t.co/Kyjo33Ov34,1,
@AllYGirL85 Heard #Bahubali2 team booked him for fdfs celebrations https://t.co/PY9LcO82L7,0,
World Of #Bahubali2 Press Meet Photos1...,1,
"#Bahubali2 must  be released.
please dont #stop it.
#sarathkumar 
#Bahubali2trailer 
#prabhas 
#Rana",1,
 Spot #Kejriwal contest! Whoever spots correctly wins direct nomination to #MCDelections2017 #Delhi #भाजपा_फ़िर_से #MIvKKR #…,0,
"#Saaho #Prabhas19Title 
teaser on 28th screaning with #Bahubali2 movie https://t.co/6Kxz8g2L4C",0,
#BaahubaliTheConclusion #Bahubali2  @ssrajamouli @Anushka_ASF @PrabhasRaju @tamannaahspeaks #WKKB 28th release ����… https://t.co/38fefu5wo8,0,
"#Bahubali2 from April 28 
@ssrajamouli @arkamediaworks @Me_Prabhas @Anushka_ASF @RanaDaggubati @tamannaahspeaks… https://t.co/d2DK7SvYcj",0,
Bahubali2 Tickets Booking Opens In Book My Show ! Trending videos on you... https://t.co/XK5TK6ngPp via @YouTube,1,
"Vote #Thalapathy61 � #2point0 #Vivegam #Bahubali2 
Spread max
#maheshbabu #Spyder #pspk #PSPK25 
#ntr27 #tollywood… https://t.co/AgJmvfUZdC",0,
"Proud moment for #TeamKickstart to be associated with the most awaited movie of the season, #Bahubali2. Keep... https://t.co/BZfRpufdWA",0,
" My take on the whole #Bahubali2 issue and an attempt to expose the powerful KFI lobby which is firmly opposed to dubbing
cc:@r…",0,
"#Prabhas19 Titled as  #SAHOO
TEASER ON 28th Along with #Bahubali2 in Theatres�",0,
Prabhas Special Interview about Bahubali2 https://t.co/n9KSjV256X,0,
"I change my profile Pic for Today to 6th may,Then should I change my profile pic,of Bahubali2 poster @sakshijoshi85 @chitraaum @KavitaSarla",0,
" No one can match #SSRajamouli when it comes to showcasing heroism.

#Baahubali2 #Bahubali2 #prabhas #BaahubaliTheConclusion h…",0,
#Bahubali2 releasing 28 April will break all box office records of Indian Film Industry. Collections may touch Rs.400 Crores in first week.,1,
@porinju Hi Porinju Bahubali2 is coming next week.We are expecting same ur stocks,0,
" #Bahubali2 

Show Timings 

#6DaysForBahubali2 https://t.co/RQXDxe4ZqC",0,
" #Bahubali2 Dubai promotional tour event at 7:30 pm at Roxy Cinemas, City Walk on Tuesday. Free entry for all!! https://…",0,
"Stay tuned for more updates...!!!

#Bahubali2 #IMAX #Cinepolis https://t.co/yw9DowExGX",0,
"World 's first review of #BahuBali2 exclusive on https://t.co/3dyPYuJ1Mi by @itsCriticBrain , stay tuned",0,
@VettriTheatres  Valthukkal Bro... Massive Hit this Year #Bahubali2,1,
"Q.2 unlocked! �
Hurry, Answer and don't forget to keep listening to #Bahubali2 on #JioMusic to win! https://t.co/iHK8Jb67xV",0,
" What will be the Worldwide Collections of Bahubali 2

#Bahubali2 #Bahubali #BahubaliTheConclusion 
#Prabhas #Tamannaah #A…",1,
" Excited to see #Bahubali2 Coming Friday MeanWhile Poster Design by Me 
@ssrajamouli #TamannaahBhatia #Anushka #Satyara…",1,
 Kannada activist groups to ban #Bahubali2 in KA state as Sathyaraj spoke harshly against Kannada sentiments during 2016 c…,0,
The box office is too dry now for indian film dont worry soon a indian film #Bahubali2 will come at the box office and create phenomemal,1,
" #Prabhas19Title 
#5DaysToBaahubali2 
#2MillionViewsforSaahoreBahubali 
#Bahubali2 #Bahubali2TheConclusion 
There r so Many l…",0,
 Purely EPIC !! �� #Bahubali2 https://t.co/2oXFsuf0qo,1,
@bookmyshow theatres evi ra #Bahubali2 #Hyderabad,0,
@tamannaahspeaks ...#TAMU all the best for #Bahubali2..hope you will steal our hearts yet another time...,1,
"#Ongole #Bahubali2 
Sathyam BS tickets 
#SaahoreBaahubali � https://t.co/nWsgghz4rr",0,
"Best adventure,  directed seen in #baahubali2 #bahubali @ssrajamouli 

Eagerly waiting for #bahubali2 the conclution https://t.co/trkjzzKukr",1,
"Watch -- https://t.co/awsMdsJwcO

#kerala #Mollywood #baahubali2 #Bahubali2 #Prabhas #ranadaggubati #Saaho… https://t.co/fLXTditWWz",0,
@JioMusicHD @BuzzingTracks @Rajamouli_Fans @BaahubaliMovie @bahubali_fans @Prabhas_Fans @Darling_PFC @telugu_jokes… https://t.co/khNtxw8x1v,0,
" 7 days more ..The Queen #devasena #Bahubali2 ���
 #AnushkaShetty #anushkashetty #sweety #Sweety #anushka #Anushka http…",0,
"In terms of music quality, innovation, original scores, bgms...Who among the below u think is best in #TFI #Bahubali2 #Spyder #PSPK25",0,
" Best Tollywood Actor ��
(1/2)

#Spyder #pk25 #ntr27 #Bahubali2 #JaiLavakusa #2Point0 #Mahesh23 #Bahubali #DJ23rdJune #duvva…",0,
#baahubali2 Movie Five Shows Per Day In #Telangana | #Bahubali2  Shows | #Prabhas | #Rajamouli  https://t.co/HvVCjWKFqE,0,
#Bahubali2 1000Cr on the Cards - @vatsann,1,
"Top TN theatrical rights! 

2.O - 60Cr
#Thalapathy61 - 52Cr 
#Bahubali2 - 46Cr 
#TSK - 40Cr
#Velaikaran - 38Cr
#Vivegam - 36Cr",0,
@JioMusicHD @BuzzingTracks @Rajamouli_Fans @BaahubaliMovie @bahubali_fans @Prabhas_Fans @Darling_PFC @telugu_jokes… https://t.co/TCo90atIJE,0,
@RGVzoomin @ssrajamouli Take some tips from him@rgvzooMin..he is King@ssrajamouli...#Bahubali2,0,
@SalmanAabdi @taran_adarshh #Bahubali2 brand value is more than #Tubelight,1,
"#Bahubali2 From April 28
@ssrajamouli @arkamediaworks @KProductionsInd @srigreen_pro @ThenandalFilms… https://t.co/OLRgpe0V9y",0,
 #Bahubali2 50 plus theatres have even 6am plus shows for the film at kearla and its confirmed already,0,
"@Bahubali_2  wait just 4 day left 

Wannabe see can't be wait ��

#Bahubali2 #Instagram",1,
@pavan1230 @KTRTRS @Shobu_ Andhra velli chusi ravadem better anukuntuna benfit shows and 6 shows... #Bahubali2 pride telugu movie,0,
As of now all BS are sold out in seconds #Bahubali2 Bangalore,1,
4 days 2 go #Bahubali2,1,
Disappointed with 15+ condition in Dubai to watch #Bahubali2.,1,
Finally #Bahubali2 Bengaluru booking started ���,1,
"Synonym for Cute ��

#SpyderMassiveWorkingStills #Pk25 #Jailavakusa #DJ23rdJune #Bahubali2 #4DaysToBaahubali2 #Kajal #Nisha #Samantha",0,
@FilmyCurry @contestmantra @india4contests Done Team. #Bahubali2WithFC #FilmyCurry #Bahubali2,0,
Just a few more days until #Bahubali2 hits theatres! I loved the first one :) https://t.co/AU6SKv652o #Bahubali #BahubaliTheConclusion,1,
" Have you pre-booked your Bahubali tickets? #Bahubali2 #BahubaliTheConclusion 
#Bahubali https://t.co/vVwQnPKFlx",1,
 @Vamsee_Shiva @DDNewsLive @DDNational #DREAMZGKFRAUD we can produce 5 #Bahubali2 movies with scam money..,0,
"#Bahubali2 Mysure booking arachakam 11 Telugu shows all most all shows full 1 Hindi show full ,Never before for a Telugu movie @ssrajamouli",1,
I liked a @YouTube video https://t.co/L40AyM6j1c Weapons Used In Bahubali2 Movie | Bahubali2 Working Stills | GARAM CHAI,1,
#Bahubali2 @ssrajamouli Karnataka theatre and multiplex are surviving only with other language movies!!,0,
#Baahubali2 Is The Biggest Release Ever In #Kerala | #Bahubali2 Movie | #Prabhas | #Rajamouli https://t.co/CfO31wjkZi,0,
4 days to go for #Bahubali2 . ap &amp,1,
" #Bahubali2 reservation started movie from 28th April

#bahubali #BahubaliTheConclusion #prabhas https://t.co/SKCJZeLV5f",0,
" King of box office ??
#Vivegam #Vivegamteaser #Thalapathy61 #thalapathy62 #2point0 #Ajith #Vijay #Mahesh24 #Spyder #SuchiLea…",0,
#Bahubali2 Balcony tickets in Urvashi costs 600/-��� https://t.co/FLH0iNvE0A,1,
" @ssrajamouli made #Magadheera in 2009..in 2016 it inspired #Mirzya n now #Raabta, where as the master arrives with #Bahubali2,…",0,
"Applying for leave be like. ��

#Bahubali2 #bahubali #BahubaliTheConclusion #Katappa https://t.co/SadrW1lwt3",0,
#Bahubali2 #Prabhas cannot wait https://t.co/K10P8j9sI8,1,
Baahubali 2: The Conclusion https://t.co/OmVuj262H1,0,
"@RanaDaggubati  @ssrajamouli Leave Application Approved�
#Bahubali2 #BahubaliTheConclusion https://t.co/QBaMwqzt9w",0,
"#Raja sensation comments on #MaheshBabu

https://t.co/EXNDOkUuJ9

Plz Follow--&gt;@PhotoNews26

#MaheshBabuUpdates #Mahesh23 #Spyder #Bahubali2",0,
How did @ssrajamouli even think of the 'elephant lifting bow' scene? #stunned #Bahubali2 #elephantcarriesbow,0,
It is difficult tamil films to get theatre now hindi films are competiting while all over are just giving way for #Bahubali2  says karthi,0,
" @sujeethsign with #Bahubali2 movie
what a treat for all of us����",1,
" 1am ,4am shows tho all most 90% bahubali 1 53l record out in bhimavaram 
Expecting gross 1.2 cr from day 1 #Bahubali2 
#Bhim…",1,
I liked a @YouTube video https://t.co/D9gBMhLMIX Bahubali2 Team Children Seen In Sahore Bahubali Song | Bahubali2 The Conclusion |,0,
"Guess our customer seems to know ""Kattappa ne Baahubali ko kyu mara!""
Make your own tee here:… https://t.co/U5rgJlhx9I",1,
"Watch -- https://t.co/HvVCjWKFqE

#baahubali2 #Bahubali2 #ranadaggubati #Prabhas #Saaho #Telangana #Spyder… https://t.co/MRF1Qsbq2x",0,
"You can't afford to miss this Action Packed Movie
Bahubali 2: The Conclusion 
Get Ready!!!
#bahubali2... https://t.co/2XPKyPMOKh",1,
" #Bahubali2WithFC contests start tomorrow. Follow all d rules &amp; be a lucky one 2 win tickets
#ContestAlert #BahubaliTheConcl…",0,
@karanjohar For another 500 cr.. #Bahubali2  hit m hit !!!!,0,
"Top 5 theatrical rights! 

2.O - 60Cr
#Thalapathy61 - 52Cr 
#Vivegam - 48Cr
#Bahubali2 - 46Cr 
#TSK - 40Cr
Followed by #Velaikaran - 38Cr",1,
 poster design of #baahubali2 @PrabhasRaju @PrabhaBaahubali @Me_Prabhas @nicepk4u @imrebelstar @prasad_darling #Bahubali…,0,
The darling star #Prabhas next will be #Saaho. Teaser out with #Bahubali2 https://t.co/1AnPe89Qpz,0,
"The World of Baahubali Press Meet Photos..https://t.co/Z9HAiw03au
\#Baahubali2 #bahubali2 #Prabhas #Anushka… https://t.co/iqEg7f13sA",0,
"@JioMusicHD  
A3) IS FIVE SONGS IN BAHUBALI 2 ALBUM

  #Bahubali2 #JioMusic .",0,
"@JioMusicHD @BuzzingTracks and 9 others
#Bahubali2 #JioMusic
3) Five",0,
 Surely after #Bahubali2 and #Sahoo teaser #Prabhas will be trending so great at the social media,0,
"#RebelStar #prabhas #Prabhas19 #Prabhas19Title #Saaho 
Teaser On 28th along with #Bahubali2 

Officially Confirmed�… https://t.co/T3sD7zdEAN",0,
" #SaahoreBaahubali
Every Indian is waiting for #Bahubali2 the movie of #prabhas and #Rajamouli 
https://t.co/i32bSxS82O",1,
Mny has been deducted a week ago but still no reply abt d tickets @CarnivalCine . Eagerly waiting for bahubali2.Give us our tckts ASAP.,1,
@ssrajamouli atleast one show of tamil version #Hyderabad please?? #bahubali2,1,
" #Bahubali2 ALL SET 4 AM show in URVASHI theatre, Bangalore.. ����

@AnilKumaKasina @urstruly_murali @nikesshh @Nikesh_Rox",1,
#baahubali2 2 Movie #HamsaNaava Song Teaser Date | #Bahubali2 Promo Songs | #Prabhas | #Anushka https://t.co/RUIPXWQGJ5,0,
"This is Sooo Cool ��
#Bahubali2 ka Fever is Actually High in Pune https://t.co/gJei1wkDAv",1,
" Cast of #Bahubali2 will be in #Dubai this week. Here's where you can meet @RanaDaggubati, Prabhas, #AnushkaShetty - https…",0,
@ImMKR @ssrajamouli Finally katappa saves bahubali2 release issue but we tamilians won't see your flims sir,0,
@JioMusicHD @BuzzingTracks @Rajamouli_Fans @BaahubaliMovie @bahubali_fans @Prabhas_Fans @Darling_PFC @telugu_jokes… https://t.co/nQqnc5LlKZ,0,
@JioMusicHD @BuzzingTracks @Rajamouli_Fans @BaahubaliMovie @bahubali_fans @Prabhas_Fans @Darling_PFC @telugu_jokes… https://t.co/ixFrWhKy7A,0,
" #Bahubali2 from April 28 
@ssrajamouli @arkamediaworks @Me_Prabhas @Anushka_ASF @RanaDaggubati @tamannaahspeaks @mmkeera…",0,
"1 week 4 da release of #BahubaliTheConclusion. Here's my review on #BahubaliTheBeginning. https://t.co/tAsO770PFI

#Bahubali2",0,
And I'm just waiting for its release #Bahubali #PrideofTeluguCinema #Bahubali2 @ Blackman… https://t.co/E1I5rZLGj9,1,
@JioMusicHD @BuzzingTracks @Rajamouli_Fans @BaahubaliMovie @bahubali_fans @Prabhas_Fans @Darling_PFC @telugu_jokes… https://t.co/UFQqlcVF9y,0,
@JioMusicHD @BuzzingTracks @Rajamouli_Fans @BaahubaliMovie @bahubali_fans @Prabhas_Fans @Darling_PFC @telugu_jokes… https://t.co/0k6Q20KBrw,0,
" Get ready for the big one - #BahubaliWithFC contest coming soon. Time to get free tickets.Are u guys ready ?
 #Bahubali2  #…",0,
"Magnificent ""Athirappilly Falls"" aka #Baahubali falls, beautiful #nature, #beautiful #Kerala. #India #Bahubali2… https://t.co/V9m2IGowmS",0,
#Bahubali2 fever in #UK @ssrajamouli @RanaDaggubati @tamannaahspeaks @Shobu_ https://t.co/gb1ODzCKfa,1,
"@CatchNews @BaahubaliMovie @SpiceSocial1 #Bahubali2 

A5).  Around 450 Crores....",0,
"BT NEWS #2 Official- Jio free,Airtel, Bahubali2,Bsnl,Moto c,iPhone 8, Snapchat,HindiRail, Creditcard: https://t.co/zep7GBRNmv via",0,
Book #Bahubali2 tickets at @TicketNew . Book here: https://t.co/hFLGqgA47w #Bahubali2 advance #Bahubali2 #Bahubali2… https://t.co/pn1f1hGDYV,0,
"#Prabhas next film is titled as #Saaho, The first look teaser will be screened along with #Bahubali2",0,
"#artist #art #shell #Bahubali2 #PrideofTeluguCinema #Bahubali @ Blackman Auditorium,… https://t.co/awim4yzNks",0,
"@FilmyCurry #ContestAlert #Bahubali2WithFC #FilmyCurry #Bahubali2 �

A1) 28th April,2017
A2) S.S. RAJAMOULI",0,
" #Bahubali2 Censor Certificate. 

Movie Running Time : 170 Mins 51 Seconds https://t.co/RfgXUm8q2R",0,
Check my funny video for team @BaahubaliMovie RT if you like my effort. � https://t.co/FJa36v2iMm Will watch #Bahubali2 Day 1. � #Baahubali2,1,
I liked a @YouTube video https://t.co/L6t8xCf8bj Baahubali 2 Expectations | Interesting Group Keen On Bahubali2? | Talkies Raja |,1,
Indian box office history will be re-written on this Friday..A biggest ever day 1 collection is on cards (in All Languages)... #Bahubali2,1,
poster design of #baahubali2 @PrabhasRaju @PrabhaBaahubali @Me_Prabhas @nicepk4u @imrebelstar @prasad_darling… https://t.co/Ngfzgi8IFB,0,
#prabhas #saho #firstlook Teaser will be screening with #Bahubali2 on 28th . https://t.co/udbXyw0qgp,0,
IMAX screens list and showtimes for the epic #Bahubali2 in USA https://t.co/o7pCJb7nPi,0,
" FILMY CONTEST begins! Win tickets to the movie!
#bahubali2 #devasena #bhallaladeva #Kartabed #buymattressonlline #winmovietic…",0,
"No matter what it is.
I'm with you Bhalla(@RanaDaggubati)�
I know it's Bahubali who started it. �
#Bahubali2",1,
" Top 5 theatrical rights! 

2.O - 60Cr
#Thalapathy61 - 52Cr 
#Vivegam - 48Cr
#Bahubali2 - 46Cr 
#TSK - 40Cr
Followed by…",0,
@trulypradeep Hey checkout my #Bahubali2 funny video. Open this tweet &amp,,
" Top 5 theatrical rights! 

2.O - 60Cr
#Thalapathy61 - 52Cr 
#Vivegam - 48Cr
#Bahubali2 - 46Cr 
#TSK - 40Cr
Followed by #Velai…",0,
"Today we saw this on Internet.

#ShadowofMordor #Bahubali2 

wrong on whom ?? Confused. @BaahubaliMovie https://t.co/D9lqyVv5XW",0,
#Bahubali2 bookings open at both @LaCinemas and @sonaminacinemas � 10 shows per day in each theater ☺�,0,
"Crazy crowd of photographers around Anushka, Rana, and Rajamouli. #Bahubali2 Game launch with #Oppo #SelfieExpert https://t.co/nYzaR7vhFr",1,
"Day 1 cr + gross vachhe one and only town Ap/tg
Bhimavaram #Bahubali2 
Benfit show 1am sold for 33.87lakhs 
Phenomenonial opening ..",0,
"Watch -- https://t.co/GvgV8r4Qnu

#baahubali2 #Bahubali2 #Prabhas #ranadaggubati #Saaho #Prabhas19 #JaiLavakusa… https://t.co/pA0H9zgBpz",0,
"@CatchNews @SpiceSocial1 @BaahubaliMovie  10 movies
#Bahubali2 
#contest",0,
 Producers @arkamediaworks r planning a Special screening to the #TelanganaGovernment and requested for 5 shows a day.. #Bahu…,0,
This is the first time ever for a film there im the state superb #Bahubali2,1,
#Prabhas19 #Sahoo Official Press Note.Teaser from 28th #Bahubali2 � https://t.co/49ObKbzHxE,0,
"@takeiteasyndeep This was the trailer of #Bahubali2 at the start of the film. #Noor was horrible, with no story or… https://t.co/W3oAKorQni",0,
 #Bahubali2 Trichy La Cinemas SonaMina Cinemas Booking Starts. 10 Shows Per Day @ssrajamouli #Prabhas https://t.co/ja0gtNKy…,0,
 Hey all give a shout out to @AAfilmsIndia and watch out for their next - #Bahubali2 .. coming soon!!!,1,
 Jiyo #Baahubali Fans! You are now just a Question away from winning exciting prizes. Just 30 RT's to unlock. #Bahubali2 htt…,0,
"Not sure if Pokiri is South India IH 
But i wish this date will be lucky for Prabhas darling as well
Cheers to… https://t.co/25Rcn9yKIi",0,
@MargheNick @livedreamdiscov #Bahubali2 Need such BIG Theatres to Release the Movie @ssrajamouli @RanaDaggubati,0,
200RS Ticket Effect gattiga undi #Bahubali2  Especially weekdays weak online advance booking #guntur,0,
@JioMusicHD @BuzzingTracks @Rajamouli_Fans @BaahubaliMovie @bahubali_fans @Prabhas_Fans @Darling_PFC @telugu_jokes… https://t.co/Mxgxis2Guz,0,
https://t.co/F6S3nkoKCo  plzz i want  bahubali2 songs in english subties plzz @ssrajamouli �❤️ #prabhas,1,
"Yay...got tckts 4mst awaitd Telugu � @ssrajamouli @RanaDaggubati..not4 WKKB,to knw how ferociously Bhallaladeva was killed #Bahubali2",1,
"@VishekC @karanjohar @ssrajamouli @bookmyshow 
When will advance booking open for #Bahubali2 in Delhi/NCR",0,
"#VattalNagaraj #rcb 49/10. Curse of #tamizhan �. History in t20. 
#KKRvRCB #Bahubali2 #superstarsathyaraj",0,
 Kattappa killed bahubali because he supported karnataka in Kaveri water issue. #Bahubali2 #BahubaliTheConclusion,0,
"Watch -- https://t.co/favTT2LOGg 

#2point0 #Baahubali2 #Bahubali2 #Shankar #Rajamouli #Prabhas19 #Saaho… https://t.co/BleIEFxivw",0,
"Day1 - World Wide 10,000 shows ���
#Bahubali2",0,
" #GoodNews fr #Karnataka people, #Bahubali2 All Set To Release #State Theater @ssrajamouli #prabhas #AnushkaShetty 

https://t.…",1,
